Link Name,Center of Mass X,Center of Mass Y,Center of Mass Z,Center of Mass Roll,Center of Mass Pitch,Center of Mass Yaw,Mass,Moment Ixx,Moment Ixy,Moment Ixz,Moment Iyy,Moment Iyz,Moment Izz,Visual X,Visual Y,Visual Z,Visual Roll,Visual Pitch,Visual Yaw,Mesh Filename,Color Red,Color Green,Color Blue,Color Alpha,Collision X,Collision Y,Collision Z,Collision Roll,Collision Pitch,Collision Yaw,Collision Mesh Filename,Material Name,SW Components,Coordinate System,Axis Name,Joint Name,Joint Type,Joint Origin X,Joint Origin Y,Joint Origin Z,Joint Origin Roll,Joint Origin Pitch,Joint Origin Yaw,Parent,Joint Axis X,Joint Axis Y,Joint Axis Z,Limit Effort,Limit Velocity,Limit Lower,Limit Upper,Calibration rising,Calibration falling,Dynamics Damping,Dynamics Friction,Safety Soft Upper,Safety Soft Lower,Safety K Position,Safety K Velocity
base_link,-0.017345233,0.001282097,0.281433025,0,0,0,17.66087132,0.074898173,-0.000176071,0.004309369,0.061061905,-0.000159202,0.047995464,0,0,0,0,0,0,package://Humanoid_robot.SLDASM/meshes/base_link.STL,0.792156863,0.819607843,0.933333333,1,0,0,0,0,0,0,package://Humanoid_robot.SLDASM/meshes/base_link.STL,,Humanoid_robot_body-1,base_c,,,,0,0,0,0,0,0,,0,0,0,,,,,,,,,,,,
l_leg_link1,-0.083567943,7.99E-06,-0.101915188,0,0,0,2.428525906,0.005168397,5.95E-10,-0.000503059,0.008201992,-1.28E-06,0.007656507,0,0,0,0,0,0,package://Humanoid_robot.SLDASM/meshes/l_leg_link1.STL,0.898039216,0.917647059,0.929411765,1,0,0,0,0,0,0,package://Humanoid_robot.SLDASM/meshes/l_leg_link1.STL,,Humanoid_robot_L_leg1-1,l_leg_link1_c,l_leg_joint1_axis,l_leg_joint1,revolute,0,0.1165,-0.061433,0,0,0,base_link,0,0,1,1000,100,-3.14,3.14,,,,,,,,
l_leg_link2,0.000274228,0.003483702,-1.52E-05,0,0,0,2.243489814,0.003480152,6.37E-05,9.24E-07,0.005174961,-7.50E-08,0.003451619,0,0,0,0,0,0,package://Humanoid_robot.SLDASM/meshes/l_leg_link2.STL,0.898039216,0.917647059,0.929411765,1,0,0,0,0,0,0,package://Humanoid_robot.SLDASM/meshes/l_leg_link2.STL,,Humanoid_robot_L_leg2-2,l_leg_link2_c,l_leg_joint2_axis,l_leg_joint2,revolute,0,0,-0.134,0,0,0,l_leg_link1,1,0,0,1000,100,-1.57,1.57,,,,,,,,
l_leg_link3,0.030978453,8.52E-05,-0.168825759,0,0,0,2.471116287,0.019103924,8.12E-06,-4.65E-06,0.017992291,-8.26E-05,0.006518731,0,0,0,0,0,0,package://Humanoid_robot.SLDASM/meshes/l_leg_link3.STL,0.898039216,0.917647059,0.929411765,1,0,0,0,0,0,0,package://Humanoid_robot.SLDASM/meshes/l_leg_link3.STL,,Humanoid_robot_L_leg3-1,l_leg_link3_c,l_leg_joint3_axis,l_leg_joint3,revolute,0,0,0,0,-0.171987293,0,l_leg_link2,0,-1,0,1000,100,-3.14,3.14,,,,,,,,
l_leg_link4,-0.01328493,-3.78E-05,-0.163892488,0,0,0,2.525864742,0.023481877,1.76E-06,7.43E-05,0.02492792,9.80E-07,0.003612686,0,0,0,0,0,0,package://Humanoid_robot.SLDASM/meshes/l_leg_link4.STL,0.898039216,0.917647059,0.929411765,1,0,0,0,0,0,0,package://Humanoid_robot.SLDASM/meshes/l_leg_link4.STL,,Humanoid_robot_L_leg4-1,l_leg_link4_c,l_leg_joint4_axis,l_leg_joint4,revolute,0,-0.000497017,-0.375,0,0.247958429,0,l_leg_link3,0,1,0,1000,100,-3.14,3.14,,,,,,,,
l_leg_link5,1.48E-05,0.008816349,6.16E-05,0,0,0,0.106320895,1.88E-05,-2.01E-08,-4.94E-08,1.40E-05,-4.88E-08,2.41E-05,0,0,0,0,0,0,package://Humanoid_robot.SLDASM/meshes/l_leg_link5.STL,0.898039216,0.917647059,0.929411765,1,0,0,0,0,0,0,package://Humanoid_robot.SLDASM/meshes/l_leg_link5.STL,,Humanoid_robot_L_leg5-1,l_leg_link5_c,l_leg_joint5_axis,l_leg_joint5,revolute,0,0,-0.410000107,0,-0.000722133,0,l_leg_link4,1,0,0,1000,100,-3.14,3.14,,,,,,,,
l_leg_link6,-0.007067841,-5.77E-06,-0.034672309,0,0,0,0.488549415,0.000305053,-9.44E-08,-2.28E-05,0.000318426,-3.07E-09,0.000486418,0,0,0,0,0,0,package://Humanoid_robot.SLDASM/meshes/l_leg_link6.STL,0.898039216,0.917647059,0.929411765,1,0,0,0,0,0,0,package://Humanoid_robot.SLDASM/meshes/l_leg_link6.STL,,Humanoid_robot_L_leg6-1,l_leg_link6_c,l_leg_joint6_axis,l_leg_joint6,revolute,0,0,0,0,0,0,l_leg_link5,0,-1,0,1000,100,-3.14,3.14,,,,,,,,
l_foot_link,0.038543844,-0.000353056,0.007945739,0,0,0,0.455206325,0.000415368,1.72E-05,-5.30E-05,0.002260419,2.13E-06,0.002646455,0,0,0,0,0,0,package://Humanoid_robot.SLDASM/meshes/l_foot_link.STL,0.792156863,0.819607843,0.933333333,1,0,0,0,0,0,0,package://Humanoid_robot.SLDASM/meshes/l_foot_link.STL,,Humanoid_robot_L_leg7-1,l_foot_c,l_foot_axis,l_foot_joint,fixed,0.005638351,0,-0.07478776,0.001351346,-0.075236891,-0.017976248,l_leg_link6,0,0,0,,,,,,,,,,,,
r_leg_link1,-0.083567943,7.99E-06,-0.101915188,0,0,0,2.428525916,0.005168397,5.94E-10,-0.000503059,0.008201991,-1.28E-06,0.007656507,0,0,0,0,0,0,package://Humanoid_robot.SLDASM/meshes/r_leg_link1.STL,0.898039216,0.917647059,0.929411765,1,0,0,0,0,0,0,package://Humanoid_robot.SLDASM/meshes/r_leg_link1.STL,,Humanoid_robot_R_leg1-1,r_leg_link1_c,r_leg_joint1_axis,r_leg_joint1,revolute,0,-0.1165,-0.061433,0,0,0,base_link,0,0,1,1000,100,-3.14,3.14,,,,,,,,
r_leg_link2,0.000274228,-0.003483702,1.52E-05,0,0,0,2.243489814,0.003480152,-6.37E-05,-9.24E-07,0.005174961,-7.50E-08,0.003451619,0,0,0,0,0,0,package://Humanoid_robot.SLDASM/meshes/r_leg_link2.STL,0.898039216,0.917647059,0.929411765,1,0,0,0,0,0,0,package://Humanoid_robot.SLDASM/meshes/r_leg_link2.STL,,Humanoid_robot_R_leg2-2,r_leg_link2_c,r_leg_joint2_axis,r_leg_joint2,revolute,0,0,-0.134,0,0,0,r_leg_link1,1,0,0,1000,100,-1.57,1.57,,,,,,,,
r_leg_link3,0.030978451,0.000582183,-0.168825759,0,0,0,2.471116045,0.01910392,8.12E-06,-4.65E-06,0.017992288,-8.26E-05,0.006518731,0,0,0,0,0,0,package://Humanoid_robot.SLDASM/meshes/r_leg_link3.STL,0.898039216,0.917647059,0.929411765,1,0,0,0,0,0,0,package://Humanoid_robot.SLDASM/meshes/r_leg_link3.STL,,Humanoid_robot_R_leg3-1,r_leg_link3_c,r_leg_joint3_axis,r_leg_joint3,revolute,0,0,0,0,-0.185992309,0,r_leg_link2,0,-1,0,1000,100,-3.14,3.14,,,,,,,,
r_leg_link4,-0.013280682,-3.70E-05,-0.163890261,0,0,0,2.525821508,0.023482001,1.80E-06,7.45E-05,0.024928079,1.06E-06,0.003612734,0,0,0,0,0,0,package://Humanoid_robot.SLDASM/meshes/r_leg_link4.STL,0.898039216,0.917647059,0.929411765,1,0,0,0,0,0,0,package://Humanoid_robot.SLDASM/meshes/r_leg_link4.STL,,Humanoid_robot_R_leg4-1,r_leg_link4_c,r_leg_joint4_axis,r_leg_joint4,revolute,0,0,-0.375,0,0.151236819,0,r_leg_link3,0,-1,0,1000,100,-3.14,3.14,,,,,,,,
r_leg_link5,-1.48E-05,-0.008816349,6.16E-05,0,0,0,0.106320895,1.88E-05,-2.01E-08,4.94E-08,1.40E-05,4.88E-08,2.41E-05,0,0,0,0,0,0,package://Humanoid_robot.SLDASM/meshes/r_leg_link5.STL,0.898039216,0.917647059,0.929411765,1,0,0,0,0,0,0,package://Humanoid_robot.SLDASM/meshes/r_leg_link5.STL,,Humanoid_robot_R_leg5-1,r_leg_link5_c,r_leg_joint5_axis,r_leg_joint5,revolute,0,0,-0.410000113,0,-0.000741281,0,r_leg_link4,-1,0,0,1000,100,-3.14,3.14,,,,,,,,
r_leg_link6,-0.010856511,-5.77E-06,-0.033678771,0,0,0,0.488549415,0.000302257,-9.42E-08,-2.34E-06,0.000318426,7.38E-09,0.000489215,0,0,0,0,0,0,package://Humanoid_robot.SLDASM/meshes/r_leg_link6.STL,0.898039216,0.917647059,0.929411765,1,0,0,0,0,0,0,package://Humanoid_robot.SLDASM/meshes/r_leg_link6.STL,,Humanoid_robot_R_leg6-1,r_leg_link6_c,r_leg_joint6_axis,r_leg_joint6,revolute,0,0,0,0,0,0,r_leg_link5,0,1,0,1000,100,-3.14,3.14,,,,,,,,
r_foot_link,0.037076279,0.00032244,0.00896081,0,0,0,0.785437931,0.000696705,-2.72E-05,-9.80E-05,0.003758158,-3.66E-06,0.004415655,0,0,0,0,0,0,package://Humanoid_robot.SLDASM/meshes/r_foot_link.STL,0.898039216,0.917647059,0.929411765,1,0,0,0,0,0,0,package://Humanoid_robot.SLDASM/meshes/r_foot_link.STL,,Humanoid_robot_R_leg7-1,r_foot_c,r_foot_axis,r_foot_joint,fixed,-0.002661699,0,-0.074952754,-0.001676756,0.035457164,-0.04726434,r_leg_link6,0,0,0,,,,,,,,,,,,
