<mujoco model="scene_staircase">
  <include file="SRT_Humanoid_robot.xml"/>

    <visual>
        <headlight diffuse="0.6 0.6 0.6" ambient="0.3 0.3 0.3" specular="0 0 0"/>
        <rgba haze="0.15 0.25 0.35 1"/>
        <global azimuth="150" elevation="-5"/>
    </visual>

  <asset>
    <texture name="skybox" type="skybox" builtin="gradient" rgb1=".2 .3 .4" rgb2=".1 .15 0.2" width="512" height="3072"/>
    <texture type="2d" name="groundplane" builtin="checker" mark="edge" rgb1="0.2 0.3 0.4" rgb2="0.1 0.2 0.3"
             markrgb="0.8 0.8 0.8" width="300" height="300"/>
    <material name="groundplane" texture="groundplane" texuniform="true" texrepeat="5 5" reflectance="0.2"/>
    <texture name="block" type="2d" file="asset/block.png"/>
    <material name="block" texture="block" reflectance="0"/>  <!-- 设置摩擦力 -->
  </asset>

  <worldbody>
    <light pos="0 0 3" dir="0 0 -1" directional="true" diffuse="0.6 0.6 0.6" specular=".3 .3 .3"/>
    <geom name="floor" size="0 0 0.05" type="plane" material="groundplane" condim="3"/>
    <geom type="box" size="0.3 2 .01" pos="0.5 0.4 .0" material="block" euler = "0 0 0"/>
    <geom type="box" size="0.5 2 .05" pos="1 0.4 .0" material="block" euler = "0 0 0"/>
    <geom type="box" size="0.5 2 .1" pos="1.5 0.4 .0" material="block" euler = "0 0 0"/>
    <geom type="box" size="0.5 2 .15" pos="2 0.4 .0" material="block" euler = "0 0 0"/>
    <geom type="box" size="0.5 2 .2" pos="2.5 0.4 .0" material="block" euler = "0 0 0"/>
    <geom type="box" size="0.5 2 .25" pos="3 0.4 .0" material="block" euler = "0 0 0"/>
    <geom type="box" size="0.5 2 .3" pos="3.5 0.4 .0" material="block" euler = "0 0 0"/>
    <geom type="box" size="0.5 2 .35" pos="4 0.4 .0" material="block" euler = "0 0 0"/>
    <geom type="box" size="0.5 2 .4" pos="4.5 0.4 .0" material="block" euler = "0 0 0"/>
    <geom type="box" size="0.5 2 .45" pos="5 0.4 .0" material="block" euler = "0 0 0"/>
    <geom type="box" size="0.5 2 .5" pos="5.5 0.4 .0" material="block" euler = "0 0 0"/>
    <geom type="box" size="0.5 2 .55" pos="6 0.4 .0" material="block" euler = "0 0 0"/>
    <geom type="box" size="0.5 2 .6" pos="6.5 0.4 .0" material="block" euler = "0 0 0"/>
    <geom type="box" size="0.5 2 .65" pos="7.0 0.4 .0" material="block" euler = "0 0 0"/>
    <geom type="box" size="0.5 2 .7" pos="7.5 0.4 .0" material="block" euler = "0 0 0"/>
    <geom type="box" size="0.5 2 .75" pos="8.0 0.4 .0" material="block" euler = "0 0 0"/>
    <geom type="box" size="0.5 2 .8" pos="8.5 0.4 .0" material="block" euler = "0 0 0"/>
    <geom type="box" size="0.5 2 .85" pos="9.0 0.4 .0" material="block" euler = "0 0 0"/>
    <geom type="box" size="0.5 2 .9" pos="9.5 0.4 .0" material="block" euler = "0 0 0"/>
    <geom type="box" size="0.5 2 .95" pos="10.0 0.4 .0" material="block" euler = "0 0 0"/>
    <geom type="box" size="0.5 2 1." pos="10.5 0.4 .0" material="block" euler = "0 0 0"/>
    <geom type="box" size="0.5 2 1.05" pos="11.0 0.4 .0" material="block" euler = "0 0 0"/>
    <geom type="box" size="0.5 2 1.1" pos="11.5 0.4 .0" material="block" euler = "0 0 0"/>
    <geom type="box" size="0.5 2 1.15" pos="12. 0.4 .0" material="block" euler = "0 0 0"/>
    <geom type="box" size="0.5 2 1.2" pos="12.5 0.4 .0" material="block" euler = "0 0 0"/>
    <geom type="box" size="0.5 2 1.25" pos="13. 0.4 .0" material="block" euler = "0 0 0"/>
    <geom type="box" size="0.5 2 1.3" pos="13.5 0.4 .0" material="block" euler = "0 0 0"/>
    <geom type="box" size="0.5 2 1.35" pos="14. 0.4 .0" material="block" euler = "0 0 0"/>
    <geom type="box" size="1.0 2 1.4" pos="15 0.4 .0" material="block" euler = "0 0 0"/>
 </worldbody>


</mujoco>
