<mujoco model="SRT_Humanoid_robot">
    <compiler angle="radian" autolimits="true" eulerseq="zyx"/>
     <option timestep='0.001' iterations='50' solver='PGS' gravity='0 0 -9.81'>
     <flag sensornoise="enable" frictionloss="enable"/>
     </option>
     <size njmax="500" nconmax="100" />

     <visual>
         <quality shadowsize='4096'/>
         <map znear='0.05'/>
     </visual>
     <default>
         <joint limited='true'/>
         <motor ctrllimited='true'/>
         <geom  condim='4' contype="1" conaffinity="15" solref='0.001 2' friction='0.9 0.2 0.2'/>
         <equality solref='0.001 2'/>
         <default class='leg_joint_param'>
            <joint  damping="1" frictionloss="1" armature="1"/>
         </default>
     </default> 

    <asset>
        <mesh name="base_link" file="/home/lxy/humanoid-gym/resources/SRT_Humanoid_robot/meshes/base_link.STL" />
        <mesh name="l_leg_link1" file="/home/lxy/humanoid-gym/resources/SRT_Humanoid_robot/meshes/l_leg_link1.STL" />
        <mesh name="l_leg_link2" file="/home/lxy/humanoid-gym/resources/SRT_Humanoid_robot/meshes/l_leg_link2.STL" />
        <mesh name="l_leg_link3" file="/home/lxy/humanoid-gym/resources/SRT_Humanoid_robot/meshes/l_leg_link3.STL" />
        <mesh name="l_leg_link4" file="/home/lxy/humanoid-gym/resources/SRT_Humanoid_robot/meshes/l_leg_link4.STL" />
        <mesh name="l_leg_link5" file="/home/lxy/humanoid-gym/resources/SRT_Humanoid_robot/meshes/l_leg_link5.STL" />
        <mesh name="l_leg_link6" file="/home/lxy/humanoid-gym/resources/SRT_Humanoid_robot/meshes/l_leg_link6.STL" />
        <mesh name="l_foot_link" file="/home/lxy/humanoid-gym/resources/SRT_Humanoid_robot/meshes/l_foot_link.STL" />
        <mesh name="r_leg_link1" file="/home/lxy/humanoid-gym/resources/SRT_Humanoid_robot/meshes/r_leg_link1.STL" />
        <mesh name="r_leg_link2" file="/home/lxy/humanoid-gym/resources/SRT_Humanoid_robot/meshes/r_leg_link2.STL" />
        <mesh name="r_leg_link3" file="/home/lxy/humanoid-gym/resources/SRT_Humanoid_robot/meshes/r_leg_link3.STL" />
        <mesh name="r_leg_link4" file="/home/lxy/humanoid-gym/resources/SRT_Humanoid_robot/meshes/r_leg_link4.STL" />
        <mesh name="r_leg_link5" file="/home/lxy/humanoid-gym/resources/SRT_Humanoid_robot/meshes/r_leg_link5.STL" />
        <mesh name="r_leg_link6" file="/home/lxy/humanoid-gym/resources/SRT_Humanoid_robot/meshes/r_leg_link6.STL" />
        <mesh name="r_foot_link" file="/home/lxy/humanoid-gym/resources/SRT_Humanoid_robot/meshes/r_foot_link.STL" />
        <!-- 地面材料和纹理 -->
        <material name="matplane" reflectance="0.3" texture="texplane" texrepeat="1 1" texuniform="true"/>
        <material name="matgeom" texture="texgeom" texuniform="true" rgba="0.8 0.6 .4 1"/>
        <texture name="texplane" type="2d" builtin="checker" rgb1=".2 .3 .4" rgb2=".1 0.15 0.2" width="512" height="512" mark="cross" markrgb=".8 .8 .8"/>  
        <texture name="texgeom" type="cube" builtin="flat" mark="cross" width="127" height="1278" rgb1="0.8 0.6 0.4" rgb2="0.8 0.6 0.4" markrgb="1 1 1" random="0.01"/>
        <texture type="skybox" builtin="gradient" rgb1="1 1 1" rgb2=".6 .8 1" width="256" height="256"/>

    </asset>
    <worldbody>
        <!-- <light directional="true" diffuse=".4 .4 .4" specular="0.1 0.1 0.1" pos="0 0 5.0" dir="0 0 -1" castshadow="false"/>
        <light directional="true" diffuse=".6 .6 .6" specular="0.2 0.2 0.2" pos="0 0 4" dir="0 0 -1"/> -->
        
        <!-- <geom name="ground" type="plane" size="0 0 1" pos="0.001 0 0" quat="1 0 0 0" material="matplane" condim="1" conaffinity='15'/> -->
        
        <body name="base" pos="0 0 1.15">
            <inertial pos="-0.017345 0.0012821 0.28143" quat="0.996963 -0.00419062 -0.0774275 -0.00718578" mass="7.661" diaginertia="0.0755742 0.0610605 0.0473203" />
            <joint name="floating_base_joint" type="free" />
            <site name='imu' size='0.01' pos='0.0 0 0.0' quat='1 0 0 0'/>
            <geom type="mesh" contype="0" conaffinity="0" group="1" rgba="0.79216 0.81961 0.93333 1" mesh="base_link" />
            <!-- <geom size="0.175 0.175 0.15" pos="0 0 0.16" type="box" rgba="0.79216 0.81961 0.93333 1" /> -->
            <body name="leg_l_Link1" pos="0 0.1165 -0.061433">
                <inertial pos="-0.083568 7.9875e-06 -0.10192" quat="0.546404 0.44908 0.450389 0.544903" mass="2.4285" diaginertia="0.008202 0.00775437 0.00507053" />
                <joint name="leg_l_joint1" pos="0 0 0" axis="0 0 1" limited="true" range="-0.7 0.7" class="leg_joint_param" />
                <geom type="mesh" contype="0" conaffinity="0" group="1" rgba="0.79216 0.81961 0.93333 1" mesh="l_leg_link1" />
                <body name="leg_l_Link2" pos="0 0 -0.134">
                    <inertial pos="0.00027423 0.0034837 -1.5219e-05" quat="0.720127 -0.0127481 -0.0122627 0.693616" mass="2.24349" diaginertia="0.00517735 0.0034778 0.00345159" />
                    <joint name="leg_l_joint2" pos="0 0 0" axis="1 0 0" limited="true" range="-0.4 0.4" class="leg_joint_param"/>
                    <geom type="mesh" contype="0" conaffinity="0" group="1" rgba="0.79216 0.81961 0.93333 1" mesh="l_leg_link2" />
                    <body name="leg_l_Link3" pos="0 0 0">
                        <inertial pos="0.030978 8.5169e-05 -0.16883" quat="0.999987 -0.00359938 0.000195775 0.00366996" mass="2.47112" diaginertia="0.019104 0.0179928 0.00651813" />
                        <joint name="leg_l_joint3" pos="0 0 0" axis="0 1 0" limited="true" range="-1.57 1.57" class="leg_joint_param"/>
                        <geom type="mesh" contype="0" conaffinity="0" group="1" rgba="0.79216 0.81961 0.93333 1" mesh="l_leg_link3" />
                        <geom type="mesh" rgba="0.79216 0.81961 0.93333 1" mesh="l_leg_link3" />
                        <body name="leg_l_Link4" pos="0 0 -0.375">
                            <inertial pos="0.0014766 -4.8852e-05 -0.15365" quat="0.707536 -0.00130491 -0.00133882 0.706674" mass="2.52586" diaginertia="0.0249279 0.0234822 0.00361241" />
                            <joint name="leg_l_joint4" pos="0 0 0" axis="0 1 0" limited="true" range="-1.57 1.57" class="leg_joint_param"/>
                            <geom type="mesh" contype="0" conaffinity="0" group="1" rgba="0.79216 0.81961 0.93333 1" mesh="l_leg_link4" />
                            <!-- <geom size="0.065 0.135" pos="0 0 -0.2" type="cylinder" rgba="0.79216 0.81961 0.93333 1" /> -->
                            <body name="leg_l_Link5" pos="0 0 -0.41">
                                <inertial pos="-0.010857 -0.0088163 -0.033679" quat="-0.00190453 0.66222 0.00219282 0.749304" mass="0.488549" diaginertia="0.000489244 0.000318427 0.000302227" />
                                <joint name="leg_l_joint5" pos="0 0 0" axis="0 1 0" limited="true" range="-0.9 0.9" class="leg_joint_param"/>
                                <geom type="mesh" contype="0" conaffinity="0" group="1" rgba="0.79216 0.81961 0.93333 1" mesh="l_leg_link5" />
                                <body name="leg_l_Link6" pos="0 0 0">
                                    <inertial pos="0.0300586 -0.000278481 -0.0535235" quat="0.0625433 0.732934 0.048672 0.675667" mass="0.561527" diaginertia="0.0028023 0.00276869 0.000798097" />
                                    <joint name="leg_l_joint6" pos="0 0 0" axis="1 0 0" limited="true" range="-0.4 0.4" class="leg_joint_param"/>
                                    <geom type="mesh" contype="0" conaffinity="0" group="1" rgba="0.79216 0.81961 0.93333 1" mesh="l_leg_link6" />
                                    <geom type="mesh" rgba="0.79216 0.81961 0.93333 1" mesh="l_leg_link6" />
                                    <geom pos="0 0 -0.075" quat="0.99996 0 0 -0.00896257" type="mesh" contype="0" conaffinity="0" group="1" rgba="0.79216 0.81961 0.93333 1" mesh="l_foot_link" />
                                    <geom pos="0 0 -0.075" quat="0.99996 0 0 -0.00896257" type="mesh" rgba="0.79216 0.81961 0.93333 1" mesh="l_foot_link" />
                                </body>
                            </body>
                        </body>
                    </body>
                </body>
            </body>
            <body name="leg_r_Link1" pos="0 -0.1165 -0.061433">
                <inertial pos="-0.083568 7.9879e-06 -0.10192" quat="0.546404 0.44908 0.450389 0.544903" mass="2.4285" diaginertia="0.008202 0.00775437 0.00507053" />
                <joint name="leg_r_joint1" pos="0 0 0" axis="0 0 1" limited="true" range="-0.7 0.7" class="leg_joint_param"/>
                <geom type="mesh" contype="0" conaffinity="0" group="1" rgba="0.79216 0.81961 0.93333 1" mesh="r_leg_link1" />
                <body name="leg_r_Link2" pos="0 0 -0.134">
                    <inertial pos="0.00027423 0.0034837 1.5219e-05" quat="0.720127 -0.0127481 -0.0122627 0.693616" mass="2.24349" diaginertia="0.00517735 0.0034778 0.00345159" />
                    <joint name="leg_r_joint2" pos="0 0 0" axis="1 0 0" limited="true" range="-0.4 0.4" class="leg_joint_param"/>
                    <geom type="mesh" contype="0" conaffinity="0" group="1" rgba="0.79216 0.81961 0.93333 1" mesh="r_leg_link2" />
                    <body name="leg_r_Link3" pos="0 0 0">
                        <inertial pos="0.030978 0.00058218 -0.16883" quat="0.999987 -0.00359938 0.000195775 0.00366996" mass="2.47112" diaginertia="0.019104 0.0179928 0.00651813" />
                        <joint name="leg_r_joint3" pos="0 0 0" axis="0 1 0" limited="true" range="-1.57 1.57" class="leg_joint_param"/>
                        <geom type="mesh" contype="0" conaffinity="0" group="1" rgba="0.79216 0.81961 0.93333 1" mesh="r_leg_link3" />
                        <geom type="mesh" rgba="0.79216 0.81961 0.93333 1" mesh="r_leg_link3" />
                        <body name="leg_r_Link4" pos="0 0 -0.375">
                            <inertial pos="0.0014798 -4.879e-05 -0.15365" quat="0.707536 -0.00130491 -0.00133882 0.706674" mass="2.52586" diaginertia="0.0249279 0.0234822 0.00361241" />
                            <joint name="leg_r_joint4" pos="0 0 0" axis="0 1 0" limited="true" range="-1.57 1.57" class="leg_joint_param"/>
                            <geom type="mesh" contype="0" conaffinity="0" group="1" rgba="0.79216 0.81961 0.93333 1" mesh="r_leg_link4" />
                            <!-- <geom size="0.065 0.135" pos="0 0 -0.2" type="cylinder" rgba="0.79216 0.81961 0.93333 1" /> -->
                            <body name="leg_r_Link5" pos="0 0 -0.41">
                                <inertial pos="-0.010857 -0.0088163 -0.033679" quat="-0.00190453 0.66222 0.00219282 0.749304" mass="0.488549" diaginertia="0.000489244 0.000318427 0.000302227" />
                                <joint name="leg_r_joint5" pos="0 0 0" axis="0 1 0" limited="true" range="-0.9 0.9" class="leg_joint_param"/>
                                <geom type="mesh" contype="0" conaffinity="0" group="1" rgba="0.79216 0.81961 0.93333 1" mesh="r_leg_link5" />
                                <body name="leg_r_Link6" pos="0 0 0">
                                    <inertial pos="0.0300586 -0.000278481 -0.0535235" quat="0.0625433 0.732934 0.048672 0.675667" mass="0.561527" diaginertia="0.0028023 0.00276869 0.000798097" />
                                    <joint name="leg_r_joint6" pos="0 0 0" axis="1 0 0" limited="true" range="-0.4 0.4" class="leg_joint_param"/>
                                    <geom type="mesh" contype="0" conaffinity="0" group="1" rgba="0.79216 0.81961 0.93333 1" mesh="r_leg_link6" />
                                    <geom type="mesh" rgba="0.79216 0.81961 0.93333 1" mesh="r_leg_link6" />
                                    <geom pos="0 0 -0.075" quat="0.99996 0 0 -0.00896257" type="mesh" contype="0" conaffinity="0" group="1" rgba="0.79216 0.81961 0.93333 1" mesh="r_foot_link" />
                                    <geom pos="0 0 -0.075" quat="0.99996 0 0 -0.00896257" type="mesh" rgba="0.79216 0.81961 0.93333 1" mesh="r_foot_link" />
                                </body>
                            </body>
                        </body>
                    </body>
                </body>
            </body>
        </body>
    </worldbody>
    <actuator>
    <motor name="leg_l_joint1" joint="leg_l_joint1" gear="1" ctrllimited="true" ctrlrange="-500 500"/>
    <motor name="leg_l_joint2" joint="leg_l_joint2" gear="1" ctrllimited="true" ctrlrange="-500 500"/>
    <motor name="leg_l_joint3" joint="leg_l_joint3" gear="1" ctrllimited="true" ctrlrange="-1000 1000"/>
    <motor name="leg_l_joint4" joint="leg_l_joint4" gear="1" ctrllimited="true" ctrlrange="-1000 1000"/>
    <motor name="leg_l_joint5" joint="leg_l_joint5" gear="1" ctrllimited="true" ctrlrange="-500 500"/>
    <motor name="leg_l_joint6" joint="leg_l_joint6" gear="1" ctrllimited="true" ctrlrange="-500 500"/>

    <motor name="leg_r_joint1" joint="leg_r_joint1" gear="1" ctrllimited="true" ctrlrange="-500 500"/>
    <motor name="leg_r_joint2" joint="leg_r_joint2" gear="1" ctrllimited="true" ctrlrange="-500 500"/>
    <motor name="leg_r_joint3" joint="leg_r_joint3" gear="1" ctrllimited="true" ctrlrange="-1000 1000"/>
    <motor name="leg_r_joint4" joint="leg_r_joint4" gear="1" ctrllimited="true" ctrlrange="-1000 1000"/>
    <motor name="leg_r_joint5" joint="leg_r_joint5" gear="1" ctrllimited="true" ctrlrange="-500 500"/>
    <motor name="leg_r_joint6" joint="leg_r_joint6" gear="1" ctrllimited="true" ctrlrange="-500 500"/>
    
  </actuator>
     <sensor>
      <framequat     name='orientation' objtype='site' noise='0.001' objname='imu'/>
        <framepos     name='position' objtype='site' noise='0.001' objname='imu'/>
        <gyro          name='angular-velocity'    site='imu' noise='0.005' cutoff='34.9'/>
        <velocimeter   name='linear-velocity'     site='imu' noise='0.001' cutoff='30'/>
        <accelerometer name='linear-acceleration' site='imu' noise='0.005' cutoff='157'/>
        <magnetometer  name='magnetometer'        site='imu'/>

    </sensor>
</mujoco>
