<mujoco model="scene">
  <include file="SRT_Humanoid_robot.xml"/>

    <visual>
        <headlight diffuse="0.6 0.6 0.6" ambient="0.3 0.3 0.3" specular="0 0 0"/>
        <rgba haze="0.15 0.25 0.35 1"/>
        <global azimuth="150" elevation="-5"/>
    </visual>

  <asset>
    <texture name="skybox" type="skybox" builtin="gradient" rgb1=".2 .3 .4" rgb2=".1 .15 0.2" width="512" height="3072"/>
    <texture type="2d" name="groundplane" builtin="checker" mark="edge" rgb1="0.2 0.3 0.4" rgb2="0.1 0.2 0.3"
             markrgb="0.8 0.8 0.8" width="300" height="300"/>
    <material name="groundplane" texture="groundplane" texuniform="true" texrepeat="5 5" reflectance="0.2"/>
    <texture name="ground" type="2d" file="asset/ground.png"/>
    <material name="ground" texture="ground" reflectance="0"/> 
    <!-- <texture name="block" type="2d" file="asset/block.png"/>
    <material name="block" texture="block" reflectance="0"/> -->  <!-- 设置摩擦力 -->
    <hfield name="terrain" file="asset/agent_eval_gym.png" size="10.5 10.5 .4 0.1" />
  </asset>

  <worldbody>
    <geom name="floor" pos="0 0 0" size="0 0 .25" type="plane" material="groundplane" condim="3" />
    <!-- <geom type="hfield" hfield="terrain" pos="11 -11 0" size="10.5 10.5 .4" /> -->
    <!-- 山地地形的 -->
    <!-- <geom type="hfield" hfield="terrain" pos="0.5 0.4 0" size="10.5 10.5 .30" rgba="0.2 0.6 0.2 1"/> -->
    <!-- 斜坡地形的pos -->
    <!-- <geom type="hfield" hfield="terrain" pos="11 -9 0" size="10.5 10.5 .30" rgba="0.2 0.6 0.2 1"  /> -->
    <!-- 土材料的山地地形 -->
    <geom type="hfield" hfield="terrain" pos="0.5 0.4 0" size="10.5 10.5 .30" material="ground"/> 
    <!-- <light directional="true" ambient=".3 .3 .3" pos="30 30 30" dir="0 -0.5 -1" diffuse="0.5 0.5 0.5" specular="0.5 0.5 0.5" /> -->
    <light directional="true" pos="0 0 3" dir="0 0 -1" diffuse="0.6 0.6 0.6" specular="0.3 0.3 0.3" />
    
 </worldbody>


</mujoco>
